date,siteId,watershed,appr1,appr2,appr3,appr4,Flouride_avg,Chloride_avg,Nitrite_avg,Bromide_avg,Nitrate_avg,Phosphate_avg,Sulfate_avg,Na_avg,Ca_avg,B_avg,Mg_avg,Si_avg,K_avg,Sr_avg,SRPugL,NH4ugL,NO3NO2ugL,NO3ugL,DOCmgL
2022-03-14,PRA01,PRF,0,1,0,0,0.028333,0.773167,NA,0.011,1.131833,NA,4.572833,1.2266228873973775,48.67484292176772,0.005788692692927043,8.894870749271346,2.8143128273954887,0.5005546568081308,0.179842512176003,6.1,6.8,250.1,248.9,0.47905690405999996
2022-08-24,PRA01,PRF,0,1,0,0,0.023333,0.854833,NA,0.027667,0.2195,NA,6.7645,1.9390365338660451,75.89083407317956,0.012612986519811182,13.31952175559747,4.287178939897119,0.998356183301996,0.29638317629668715,10.2,34.8,NA,NA,1.6753833834000005
2023-02-13,PRA01,PRF,0,1,0,0,NA,NA,NA,NA,NA,NA,NA,1.2132991222243514,48.477294644646925,0.004742113880901029,9.26076050692504,2.6822883528414305,0.49569048652301034,0.18596255137381532,NA,NA,NA,NA,NA
2023-02-14,PRA01,PRF,0,1,0,0,0.066667,0.71,NA,0.008333,0.477667,NA,5.145,NA,NA,NA,NA,NA,NA,NA,8.5,12.5,NA,NA,0.6782
2023-04-24,PRA01,PRF,0,1,0,0,NA,NA,NA,NA,NA,NA,NA,1.5708299874957572,54.434241039613994,0.005239048085744876,10.548385762690204,2.8723210283088765,0.5402983124215718,0.21860034735373626,NA,NA,NA,NA,NA
2023-04-25,PRA01,PRF,0,1,0,0,0.059333,0.784,NA,0.007,0.676667,NA,7.5,NA,NA,NA,NA,NA,NA,NA,6.1,4.6,NA,NA,0.558431346
2023-07-24,PRA01,PRF,0,1,0,0,NA,NA,NA,NA,NA,NA,NA,1.9673688220184264,57.52087578135279,0.013415190933495864,11.47327910544834,3.4477403523094377,0.6670033237436622,0.24671755878908175,NA,NA,NA,NA,NA
2023-07-25,PRA01,PRF,0,1,0,0,NA,NA,NA,NA,NA,NA,NA,NA,NA,NA,NA,NA,NA,NA,6.7,8.2,NA,NA,1.0061686994266668
2024-02-19,PRA01,PRF,0,1,0,0,NA,NA,NA,NA,NA,NA,NA,1.2642620977749215,43.98620882408927,6.035999707725345e-4,8.008504952514215,2.760152693359148,0.5032231169176928,0.16735014457492914,NA,NA,NA,NA,NA
2024-02-20,PRA01,PRF,0,1,0,0,NA,NA,NA,NA,NA,NA,NA,NA,NA,NA,NA,NA,NA,NA,3.7,4.9,NA,NA,0.5238
2022-03-14,PRB01,PRF,0,1,0,0,0.029167,0.877167,NA,0.010333,1.831667,NA,5.396333,1.1914919092770244,61.64377047362251,0.004994269992907408,10.746171299125647,2.417924963849364,0.47179145783483095,0.17776026362296923,6,7.2,407.2,405.6,1.1557960935333333
2023-02-13,PRB01,PRF,0,1,0,0,0.092333,0.994,NA,0.008,0.796333,NA,6.913667,1.0638214853645513,53.85219424734307,0.004244412150066965,9.019990683501973,2.1857124471981857,0.4745550417100651,0.16124889032002865,7.2,11.3,NA,NA,1.6836666666666666
2023-04-24,PRB01,PRF,0,1,0,0,0.087,1.326333,NA,0.01,0.693333,NA,14.534,1.5200035984995572,52.26792566353877,0.004860740422701981,11.331963857885361,2.2387400912370663,0.5014963733307477,0.20866308493108462,5.7,17.4,NA,NA,1.8330862449999998
2024-02-19,PRB01,PRF,0,1,0,0,0.070333333,0.966,0.033666667,0.008,NA,NA,6.958,1.1276266268171093,51.84771334340963,4.1729790097922776e-4,9.20450841720014,2.2341510000638367,0.5192880232641299,0.16781353504624738,3.8,5.6,NA,NA,1.268
2021-07-26,PRM01,PRF,1,0,0,0,NA,NA,NA,NA,NA,NA,NA,NA,NA,NA,NA,NA,NA,NA,8.3,15.9,227.3,218.4,NA
2021-09-08,PRM01,PRF,1,0,0,0,NA,NA,NA,NA,NA,NA,NA,NA,NA,NA,NA,NA,NA,NA,8.6,8.9,283.4,274.5,NA
2021-09-24,PRM01,PRF,1,0,0,0,NA,NA,NA,NA,NA,NA,NA,NA,NA,NA,NA,NA,NA,NA,6.9,12.5,413.4,403.8,NA
2021-10-13,PRM01,PRF,1,0,0,0,0.027667,0.721833,NA,0.009333,1.148667,NA,5.317333,NA,NA,NA,NA,NA,NA,NA,8.3,11.3,287.3,278.2,0.6964287740503207
2021-11-03,PRM01,PRF,1,0,0,0,0.0305,0.722167,NA,0.009833,0.7375,NA,4.987167,NA,NA,NA,NA,NA,NA,NA,8.1,9.4,212.7,203.6,0.9033000000000001
2021-11-22,PRM01,PRF,1,0,0,0,0.0345,1.0015,NA,0.008,0.9895,NA,3.574,NA,NA,NA,NA,NA,NA,NA,7.5,12.1,267.9,255.2,3.619333333333333
2021-12-15,PRM01,PRF,1,0,0,0,0.031833,0.765333,NA,0.01,1.293833,NA,4.244167,NA,NA,NA,NA,NA,NA,NA,5.7,1.5,305.6,304,0.7115252859
2022-01-12,PRM01,PRF,1,0,0,0,0.031667,0.774,NA,0.010333,1.634,NA,3.440667,NA,NA,NA,NA,NA,NA,NA,4,5,427.2,425.9,0.6236141262
2022-02-11,PRM01,PRF,1,0,0,0,0.033,0.888667,NA,0.009667,1.473833,NA,4.565,NA,NA,NA,NA,NA,NA,NA,4.4,2.3,425.6,423.8,0.39775673219999996
2022-03-13,PRM01,PRF,1,1,0,0,0.023167,0.758333,NA,0.01,1.590333,NA,3.665333,0.7063805553667736,16.114424220420183,0.0018985754992388337,2.0907192693974235,0.7085254631279323,0.27377543483162814,0.04138790372121906,6.3,2.6,370.5,369.2,0.5553077908933334
2022-04-06,PRM01,PRF,1,0,0,0,0.033667,0.737167,NA,0.007667,1.340333,NA,3.671333,1.1270918451560898,53.98123038626064,0.0054867719393025425,6.986912163477307,2.504551558778011,0.5063461885379028,0.14576191265330418,7.6,7,330.2,326.7,0.8460666666666666
2022-05-03,PRM01,PRF,1,0,0,0,0.024833,0.983167,NA,0.010667,1.640667,NA,6.306167,1.3465593755741072,50.153926238077965,0.007048912369303126,7.695667022717248,2.796330227661734,0.5416455396533193,0.15928276306414513,7.7,7.8,452.6,449.1,0.3865
2022-05-25,PRM01,PRF,1,0,0,0,0.031167,0.762333,NA,0.007667,1.531667,NA,5.817,1.304131169719818,55.61596057382982,0.008507193183428902,8.171340260257557,2.804437688465877,0.6200614250855844,0.1780304274480715,4.3,9.3,NA,NA,2.7276666666666665
2022-06-16,PRM01,PRF,1,0,0,0,0.059167,0.760167,0.015,0.013333,1.182167,NA,7.113,1.4541872614738292,57.64047234017673,0.010310981936349228,8.16806172977879,3.3580082939308546,0.5821074440540221,0.17794811638363836,5.8,13.7,NA,NA,0.6354359755199999
2022-06-30,PRM01,PRF,1,0,0,0,0.075333,0.947,0.016,0.033,0.046,NA,5.011667,4.110904459473673,64.3673278792735,0.009820573288143604,8.379427902294404,3.3890965783799225,0.8254113920631538,0.1791294621958436,5.9,107.8,NA,NA,1.0021333333333333
2022-08-23,PRM01,PRF,1,1,0,0,0.017333,0.8395,NA,0.043167,0.0275,NA,5.302,1.663915389602695,77.75078305307817,0.012060585583463823,10.087691300188217,4.0817756487056345,0.9260606313625228,0.21696498798679717,8.4,47.4,NA,NA,1.3062956718000003
2022-12-20,PRM01,PRF,1,0,0,0,0.075667,0.759,NA,NA,1.154333,NA,6.226333,1.1284164229339215,45.244221959578674,0.004832521325522435,6.021847416044401,2.316861758608391,0.5565429280579758,0.13091379416637375,5.5,3.3,NA,NA,0.8766184253599999
2023-01-11,PRM01,PRF,1,0,0,0,0.073,0.753333,NA,0.015,1.085333,NA,6.421333,1.193581618190064,46.26075247269508,0.004426700784086573,6.478817138079008,2.3449942346672024,0.5523860963285507,0.14050485849360703,6.2,5.4,NA,NA,0.8698962764999999
2023-02-13,PRM01,PRF,1,1,0,0,0.096333,0.952,NA,0.012,0.890333,NA,5.4465,1.1117240947498745,48.18197881426894,0.004386788070194208,6.052706935199278,2.227115773018748,0.46820088573601504,0.1297159500302855,7.6,14.5,NA,NA,1.0783333333333334
2023-03-09,PRM01,PRF,1,0,0,0,0.071,0.707,NA,0.015,1.054667,NA,5.149,1.1326721995173021,44.46243223552551,0.00603855394503468,5.934982660513388,2.5002509711270218,0.48310983705068633,0.127264564106461,7.4,NA,NA,NA,0.5577
2023-04-03,PRM01,PRF,1,0,0,0,0.072333,0.721,NA,0.015,0.84,NA,5.448333,1.1254010492449362,47.560663883888985,0.005518324070532896,6.4910598001842175,2.4715969881715343,0.5217385171659423,0.13690018204005075,6.7,3.3,NA,NA,0.6218
2023-04-24,PRM01,PRF,1,1,0,0,0.082333,0.803333,NA,0.014667,0.850333,NA,7.139,1.3379405584367394,49.11153577462844,0.005854598021307475,7.281923840219059,2.58187183039203,0.5754136596154846,0.14935649427086825,5.6,2.4,NA,NA,0.613950754
2023-05-22,PRM01,PRF,1,0,0,0,0.066333,0.749667,NA,0.009,0.782333,NA,5.919,1.3351209647259026,57.92790121781411,0.007621874418951608,7.8916162982289455,2.764828816222193,0.5893762218584616,0.1724351067392863,3,2.8,NA,NA,0.9180666666666667
2023-06-12,PRM01,PRF,1,0,0,0,0.065,0.976333,NA,0.035333,0.106,NA,7.042333,1.4966206493896357,63.32918030188867,0.008745809261768248,8.271374292515342,3.1974952873585782,0.6530434652826433,0.18104927949501556,5.5,16.5,NA,NA,0.7737026870933333
2023-07-24,PRM01,PRF,1,1,0,0,0.059333,0.757,NA,0.014,0.929333,NA,8.426333,1.4977964241145731,63.4774388672948,0.010842611427440009,8.62691953248743,3.262285833900629,0.6802551011437953,0.1910828512764018,6.6,8.8,NA,NA,1.1791357696000002
2023-12-13,PRM01,PRF,1,0,0,0,0.050333,0.710667,0.015,0.007,0.351667,NA,3.783667,1.4857382292180217,55.83825106726648,0.0025722038518242733,7.00120754150889,2.2704061765472354,0.7169957208428226,0.16331491628649497,NA,4.5,NA,NA,1.4945134463999998
2024-02-19,PRM01,PRF,1,1,0,0,NA,NA,NA,NA,NA,NA,NA,1.0325395659461725,43.94217463194668,5.337376910043909e-6,5.740029882750768,2.298294722420105,0.49618401843891746,0.12299511240862744,4.2,4.4,NA,NA,0.7372
2024-03-19,PRM01,PRF,1,0,0,0,0.019333333,0.808666667,0.033,0.009,NA,NA,4.373333333,0.834,40.651,0.007,5.365,2.411,0.429,0.112,3.1,1.6,NA,NA,0.6185978999999999
2024-04-15,PRM01,PRF,1,0,0,0,0.05,0.808,0.033,0.009,NA,NA,4.471333333,0.867,45.159,0.008,5.947,2.577,0.46,0.128,3.9,4.6,NA,NA,0.6967315800000001
2024-05-07,PRM01,PRF,1,0,0,0,0.029666667,0.785333333,0.033333333,0.009,NA,NA,4.759666667,0.968,48.516,0.01,6.62,2.728,0.502,0.145,3.8,4,NA,NA,0.7433333333333333
2024-06-06,PRM01,PRF,1,0,0,0,0.019,0.703,0.034,0.009,NA,NA,4.466,1.016,49.133,0.011,6.841,3.016,0.518,0.151,2.3,7.4,NA,NA,0.6996666666666668
2024-06-27,PRM01,PRF,1,0,0,0,0.095666667,0.852,NA,0.037666667,NA,NA,3.677333333,1.351,62.17,0.012,7.831,3.452,0.579,0.173,11.9,75.8,NA,NA,1.8113333333333335
2024-08-01,PRM01,PRF,1,0,0,0,0.022333333,0.633,0.033666667,0.019333333,NA,NA,8.836,1.245,71.022,0.015,9.025,3.63,0.584,0.209,12.2,5.7,NA,NA,NA
2022-03-13,PRM06,PRF,0,1,0,0,0.024167,0.753,NA,0.009667,1.8305,NA,4.236,1.282295266703818,45.48387183641839,0.004818079518078739,7.07935965053016,2.5623846323560784,0.5032262512091215,0.13059541384983636,6.4,2.4,414.2,412.8,0.6138952854799999
2023-02-13,PRM06,PRF,0,1,0,0,0.076667,1.183,NA,0.010333,1.208,NA,6.408667,1.1396250271446244,43.45412751236264,0.005327632223508502,6.451524222977535,2.308905187699277,0.4686835394584055,0.12719657625433808,7.8,18.5,NA,NA,1.0473333333333332
2024-02-19,PRM06,PRF,0,1,0,0,NA,NA,NA,NA,NA,NA,NA,1.0859344258471333,39.82775485519172,NA,6.087993715378069,2.543980069036727,0.4940152813668379,0.12105839882314884,3.8,6.7,NA,NA,0.7401333333333334
2022-03-13,PRM11,PRF,0,1,0,0,0.023667,0.609333,NA,0.007667,1.414833,NA,3.439333,1.1279749347516654,40.76890559744167,0.005188227090267523,6.287462695054217,2.6901240570999367,0.48928559336394356,0.12170509581631916,5.8,6.2,402.9,401.6,0.5159924984733334
2022-08-24,PRM11,PRF,0,1,0,0,0.031333,0.843,NA,0.01,1.131667,NA,13.71683,2.0353801206122606,54.49271997592592,0.011110158553410387,10.010058502831216,3.570600823107636,0.8433233968959182,0.2083523281055593,6.8,11.7,NA,NA,0.90383928432
2023-02-13,PRM11,PRF,0,1,0,0,0.056667,0.986667,NA,0.010333,1.136667,NA,5.681333,1.0826947861235263,38.991914205398935,0.005616179696738159,6.090958260731288,2.450319680115723,0.4835118926504773,0.12059355255199981,8,18,NA,NA,0.7962000000000001
2023-04-24,PRM11,PRF,0,1,0,0,0.059667,0.987,NA,0.008667,1.199667,NA,7.858333,1.4740792041266602,42.868233320434776,0.007563461570674893,7.128874660960823,2.6218964475927318,0.5103674121178612,0.1395065820560084,7.1,2.6,NA,NA,0.5927381500000001
2023-07-24,PRM11,PRF,0,1,0,0,0.077,1.274,NA,0.015,1.653,NA,12.908,1.7710344567205603,53.595143571981815,0.009837321717491283,9.101354562749592,3.2452009093010035,0.7091098308383182,0.19133231694829989,6.6,14.2,NA,NA,0.9738551514
2024-02-19,PRM11,PRF,0,1,0,0,NA,NA,NA,NA,NA,NA,NA,1.1354206966898748,36.6039231155896,9.021103026788735e-4,5.806113933030324,2.4014159277506573,0.47809777018116595,0.11511274118743424,2.9,6.4,NA,NA,0.6533
2022-03-14,PRM15,PRF,0,1,0,0,0.026167,0.788667,NA,0.009667,1.861167,NA,4.257333,1.1219349294228274,36.52137239087035,0.004984642761136342,5.910854071793078,2.75077027851958,0.4789386701224759,0.11445154438015559,5.3,6.3,434.3,433,0.3993537792733333
2022-08-24,PRM15,PRF,0,1,0,0,0.021333,0.989833,NA,0.0125,1.170667,NA,13.96283,2.2344509158453483,59.68366523401553,0.01101821718406725,10.4348560659502,3.5775564296266125,0.6592402458593462,0.2257298329546262,7.8,7.9,NA,NA,0.5999811061200001
2023-02-13,PRM15,PRF,0,1,0,0,NA,NA,NA,NA,NA,NA,NA,1.0732515234228743,34.86841002506058,0.00500280573286795,5.703908046465645,2.558585744481999,0.4674630046155861,0.11472896142988431,NA,NA,NA,NA,NA
2023-02-14,PRM15,PRF,0,1,0,0,0.061,1.128333,NA,0.011667,1.600667,NA,6.719667,NA,NA,NA,NA,NA,NA,NA,8.1,25.3,NA,NA,0.5516666666666667
2023-04-24,PRM15,PRF,0,1,0,0,NA,NA,NA,NA,NA,NA,NA,1.3851388079687377,40.23928876081512,0.005612730615862799,6.737777218794954,2.8290077502365736,0.5285439203754386,0.13614690579274938,NA,NA,NA,NA,NA
2023-04-25,PRM15,PRF,0,1,0,0,0.053667,0.970667,NA,0.009333,1.378667,NA,7.628667,NA,NA,NA,NA,NA,NA,NA,5.4,1.9,NA,NA,0.4129547840000001
2023-07-24,PRM15,PRF,0,1,0,0,NA,NA,NA,NA,NA,NA,NA,1.9080487354112485,54.07387024740827,0.009307034330569447,9.438139050635716,3.410902812156982,0.7236253439152761,0.2011483975923383,NA,NA,NA,NA,NA
2023-07-25,PRM15,PRF,0,1,0,0,0.059667,0.898333,NA,0.012,1.253667,NA,9.625,NA,NA,NA,NA,NA,NA,NA,8.5,4.9,NA,NA,0.6677105424666666
2024-02-19,PRM15,PRF,0,1,0,0,NA,NA,NA,NA,NA,NA,NA,1.127531699284834,33.44101354179494,1.8830387095012066e-4,5.4290139716644985,2.566932924177865,0.48336401030339715,0.10973321341074989,NA,NA,NA,NA,NA
2024-02-20,PRM15,PRF,0,1,0,0,NA,NA,NA,NA,NA,NA,NA,NA,NA,NA,NA,NA,NA,NA,4,5.4,NA,NA,0.5004
2022-03-14,PRM19,PRF,0,1,0,0,0.024333,0.7505,NA,0.008833,2.408167,NA,4.149333,1.0682007451233735,28.22938908012098,0.005598505344595221,4.465824658720786,2.753931971892142,0.47180366229459714,0.08340032995078461,5.2,7.1,531,529.7,0.3150588428400001
2022-08-24,PRM19,PRF,0,1,0,0,0.028333,0.976333,NA,0.012,1.463333,NA,12.80183,2.163078634719971,51.57359845239845,0.01032463392036983,9.572197556789384,3.4856590092470654,0.8649224019041126,0.20154147626563956,8,5.2,NA,NA,0.46565415744
2023-02-13,PRM19,PRF,0,1,0,0,NA,NA,NA,NA,NA,NA,NA,1.0253422005260842,26.737745767323435,0.004901757930445262,4.334752723059111,2.602799203573269,0.4551146795781517,0.08232944701164711,NA,NA,NA,NA,NA
2023-02-14,PRM19,PRF,0,1,0,0,0.046667,1.087667,NA,0.013,1.856667,NA,5.944333,NA,NA,NA,NA,NA,NA,NA,8.6,25.7,NA,NA,0.4472333333333333
2023-04-24,PRM19,PRF,0,1,0,0,NA,NA,NA,NA,NA,NA,NA,1.2796943515182535,31.15730674757204,0.0056507972755979975,5.3162441201098956,2.726243517919196,0.4894385579200229,0.1032301123310898,NA,NA,NA,NA,NA
2023-04-25,PRM19,PRF,0,1,0,0,0.060333,1.321667,NA,0.013,2.067,NA,8.827667,NA,NA,NA,NA,NA,NA,NA,4.1,3.5,NA,NA,0.36849997500000004
2023-07-24,PRM19,PRF,0,1,0,0,NA,NA,NA,NA,NA,NA,NA,1.8985741674611638,46.41066407875022,0.00951683103029817,8.331215791813632,3.340376811572048,0.7351371390891344,0.17391364961949077,NA,NA,NA,NA,NA
2023-07-25,PRM19,PRF,0,1,0,0,0.058667,1.276667,NA,0.015333,1.855,NA,11.10967,NA,NA,NA,NA,NA,NA,NA,7.1,1.6,NA,NA,0.44355461084
2024-02-19,PRM19,PRF,0,1,0,0,NA,NA,NA,NA,NA,NA,NA,1.087595713827166,26.780555486354675,4.353090495648615e-5,4.3505269667518816,2.615978546447645,0.49310210066845256,0.08404224355290983,NA,NA,NA,NA,NA
2024-02-20,PRM19,PRF,0,1,0,0,NA,NA,NA,NA,NA,NA,NA,NA,NA,NA,NA,NA,NA,NA,4.1,6.7,NA,NA,0.44389999999999996
2022-01-25,TLA01,TAL,0,1,0,0,0.017,1.389167,NA,0.008333,0.036333,NA,1.561833,NA,NA,NA,NA,NA,NA,NA,5.409247,5.43359,9.893352367,7.7955857,0.37730298
2022-03-29,TLA01,TAL,0,1,0,0,NA,NA,NA,NA,NA,NA,NA,1.1231,1.0131,0.0039,0.7596,3.9997,0.4161,0.0103,8.7285804,6.3736566,26.25796727,22.70083393,0.5259134929800001
2022-06-10,TLA01,TAL,0,1,1,0,NA,NA,NA,NA,NA,NA,NA,2.4413,1.0969,0.8362,0.0063,0.5312,3.619,0.3499,8.0141686,6.629344666666673,NA,NA,0.8277666666666667
2022-08-12,TLA01,TAL,0,1,0,0,0.021333,1.664,NA,0.019333,0.1105,NA,1.103167,1.5063,1.1739,0.0034,0.8768,5.232,0.3352,0.0045,11.5112016,11.9620034,NA,NA,0.94487816664
2023-01-30,TLA01,TAL,0,1,0,0,0.023667,0.350667,NA,0.006333,0.012,NA,0.665667,0.8692385775945102,0.7183465265743276,0.005605431546430842,0.7448632962468493,2.767078805526,0.40894621569775697,0.005493333865779379,5.254833333,4.86835,NA,NA,1.0138706588000002
2023-05-16,TLA01,TAL,0,1,0,0,0.034333,1.606667,NA,0.015667,0.052333,0.021333,1.678333,1.4596513055423912,0.9727698761752643,0.004074433748937911,0.936126061779856,4.629102410890082,0.3905947888991205,0.006297704149662344,9.280766667,5.695666667,NA,NA,1.0075296704999999
2023-08-07,TLA01,TAL,0,1,0,0,0.052,2.2806670000000002,NA,0.032333,0.113333,0.024,1.861,1.5473253782880942,1.2155098116567709,0.004996937097217813,1.065043795268551,5.085663845270735,0.40890524918374194,0.0083169064276296,9.822233333,11.96976667,NA,NA,1.9276001575
2024-01-29,TLA01,TAL,0,1,0,0,NA,NA,NA,NA,NA,NA,NA,0.995020245795054,0.748415344932747,1.790786550631016e-4,0.7260076305874561,3.3239574920047517,0.42427457192341095,0.00659778631938622,3.6704,7.196966667,NA,NA,1.0272666666666666
2022-01-24,TLC01,TAL,0,1,0,0,0.0185,1.283667,NA,0.009667,0.0275,NA,1.4015,NA,NA,NA,NA,NA,NA,NA,5.675305,9.363194,4.204349,1.4711338,0.5170480784999999
2022-03-29,TLC01,TAL,0,1,0,0,NA,NA,NA,NA,NA,NA,NA,1.6557,1.0634,0.0035,0.5492,5.5817,0.4541,0.0119,11.81012507,11.376279,25.05788303,21.61598303,0.5927461384066667
2022-06-09,TLC01,TAL,0,1,1,0,NA,NA,NA,NA,NA,NA,NA,0.5599,1.227,0.867,0.0076,0.2437,3.7643,0.4053,6.976064366666666,14.101093866666664,NA,NA,2.2093333333333334
2022-08-11,TLC01,TAL,0,1,0,0,0.026,1.362,NA,0.015333,0.064833,NA,1.002333,2.2365,1.031,0.003,0.6405,7.0493,0.4571,0.0131,12.3365828,26.7953898,NA,NA,1.4839560090000001
2023-01-30,TLC01,TAL,0,1,0,0,0.037333,0.993,NA,0.008,0.022333,0.013333,2.216,1.0772803925173706,0.7277823199674752,0.006401249009853283,0.4841594725619783,3.0380825159372424,0.4889441003571105,0.007629140429695063,4.838433333,6.293966667,NA,NA,2.0429279743333333
2023-05-16,TLC01,TAL,0,1,0,0,0.039333,1.848333,NA,0.019333,0.03,0.022,2.025333,2.0929150701686696,1.0249365488056863,0.00599989690632071,0.6772313893771632,6.588534330056533,0.43313742076878,0.008122619943806447,11.4397,6.916066667,NA,NA,1.0775509049999998
2023-08-07,TLC01,TAL,0,1,0,0,0.141333,2.262,0.015,0.026,0.070333,0.022,2.262333,2.3300004476682186,1.0877346413318338,0.009856579277289083,0.624282135360445,6.824201289679256,0.45511402466952544,0.0094813206128236,9.533933333,40.36116667,NA,NA,2.9042981513333337
2024-01-29,TLC01,TAL,0,1,0,0,NA,NA,NA,NA,NA,NA,NA,1.4902057841372054,0.7656227936743883,0.0021919693627502177,0.46085087708849964,4.417752804813449,0.4284815238925185,0.00911757499058998,6.0091,6.6972,NA,NA,1.4976666666666667
2021-09-15,TLM01,TAL,1,0,0,0,NA,NA,NA,NA,NA,NA,NA,NA,NA,NA,NA,NA,NA,NA,12.027671,13.7805012,23.27346667,13.8577,NA
2021-10-07,TLM01,TAL,1,0,0,0,0.022,1.483167,NA,0.015833,0.0435,NA,1.2215,NA,NA,NA,NA,NA,NA,NA,11.353494,13.0333984,20.96853333,11.81553333,1.2054505152661295
2021-10-26,TLM01,TAL,1,0,0,0,NA,NA,NA,NA,NA,NA,NA,NA,NA,NA,NA,NA,NA,NA,NA,NA,NA,NA,1.2476666666666667
2021-10-27,TLM01,TAL,1,0,0,0,0.015333,1.6465,NA,0.0145,0.027833,NA,1.282667,NA,NA,NA,NA,NA,NA,NA,11.074973,8.4664007,19.9456,9.6875,NA
2021-11-10,TLM01,TAL,1,0,0,0,0.022333,1.660833,NA,0.013667,0.020667,NA,1.4025,NA,NA,NA,NA,NA,NA,NA,12.428533,9.0968872,16.39813333,6.678033333,1.57
2021-12-08,TLM01,TAL,1,0,0,0,0.018667,1.569833,NA,0.011,0.022333,NA,1.673667,NA,NA,NA,NA,NA,NA,NA,6.500767,4.0242765,4.713130933,1.60998435,1.551228432
2022-01-05,TLM01,TAL,1,0,0,0,0.013333,1.254667,NA,0.008833,0.028,NA,1.966333,NA,NA,NA,NA,NA,NA,NA,4.576963,6.665107,7.278715167,4.54915725,1.159808907
2022-01-24,TLM01,TAL,1,1,0,0,0.016667,1.258833,NA,0.009333,0.027833,NA,1.825333,NA,NA,NA,NA,NA,NA,NA,4.763431,4.917946667,4.540875167,2.499875167,0.5668166547
2022-02-18,TLM01,TAL,1,0,0,0,0.014333,1.1,NA,0.0085,0.0355,NA,2.2385,NA,NA,NA,NA,NA,NA,NA,4.409824,9.543334333,8.154823967,5.645723967,1.6551628079999998
2022-03-10,TLM01,TAL,1,0,0,0,0.008333,1.106667,NA,0.008,0.029,NA,1.2235,NA,NA,NA,NA,NA,NA,NA,7.4354214,6.2500782,5.9011,4.538066667,0.8600648315999999
2022-03-29,TLM01,TAL,1,1,0,0,NA,NA,NA,NA,NA,NA,NA,1.2907,1.2403,0.0037,0.6762,4.4679,0.4143,0.0122,8.0852902,10.8367143,17.438949,14.057349,0.74350503466
2022-04-22,TLM01,TAL,1,0,0,0,0.017333,1.337667,NA,0.010667,0.055167,NA,1.399833,1.4481,1.0511,0.0037,0.7157,4.6902,0.395,0.0128,7.169137,12.4362939,6.380133333,5.156466667,0.7462
2022-05-12,TLM01,TAL,1,0,0,0,0.019667,1.253833,NA,0.011,0.038333,NA,0.914667,1.6673,1.1236,0.0029,0.7228,5.3641,0.4018,0.0133,11.22221747,16.6125552,31.93380263,28.22980263,0.6599
2022-06-09,TLM01,TAL,1,1,1,0,0.038,1.178667,NA,0.016,0.065333,NA,NA,0.5077,0.942,0.8445,0.0067,0.5646,3.035,0.4693,4.650453166666668,16.437759466666662,NA,NA,2.23
2022-06-09,TLM01,TAL,1,1,1,0,0.0137,0.958,NA,0.0087,0.0428,NA,2.1915,0.5077,0.942,0.8445,0.0067,0.5646,3.035,0.4693,4.650453166666668,16.437759466666662,NA,NA,2.23
2022-06-28,TLM01,TAL,1,0,0,0,0.038,1.101,0.019,0.022,0.048,NA,1.146,1.7153,1.2353,0.0032,0.7665,5.3797,0.4101,0.0154,6.8775036,11.622056,NA,NA,1.2843333333333333
2022-07-19,TLM01,TAL,1,0,0,1,0.028667,0.2754,0.02,0.026,0.06,NA,0.2584,1.8443,1.3381,0.0036,0.7951,5.7077,0.4082,0.0165,12.02580427,16.8028736,NA,NA,1.595
2022-08-11,TLM01,TAL,1,1,0,0,0.02,1.3035,NA,0.016667,0.056,NA,1.202833,1.6981,1.329,0.0041,0.5641,5.4072,0.3527,0.007,10.7966206,18.813189,NA,NA,1.5636081528000003
2022-09-02,TLM01,TAL,1,0,0,0,0.050333,1.252333,0.019,0.024667,0.101,NA,1.355667,2.0411,1.3058,0.0034,0.7876,5.5911,0.4174,0.016,7.909333333,8.0286,NA,NA,1.587561308
2022-09-16,TLM01,TAL,1,0,0,0,0.059,1.179667,0.019667,0.022333,0.084667,NA,1.312667,2.0392,1.2021,0.0028,0.7414,5.5351,0.3777,0.0153,9.523766667,9.4757,NA,NA,1.3056733351
2022-10-07,TLM01,TAL,1,0,0,0,0.045667,1.131,NA,NA,0.062667,NA,1.514333,1.9881,0.9797,0.0028,0.6059,5.6786,0.4422,0.0133,8.2235,8.050233333,NA,NA,1.0777381003000002
2022-10-24,TLM01,TAL,1,0,0,0,0.060667,1.315,NA,NA,NA,NA,1.854,2.1289,1.0865,0.0034,0.6924,5.9241,0.6517,0.0131,NA,NA,NA,NA,NA
2022-10-25,TLM01,TAL,1,0,0,0,NA,NA,NA,NA,NA,NA,NA,NA,NA,NA,NA,NA,NA,NA,11.44296667,8.3606333329999991,NA,NA,2.6011277317
2022-11-15,TLM01,TAL,1,0,0,0,0.04,2.039667,NA,NA,0.127,NA,2.462333,2.0839,1.1675,0.0042,0.7824,5.5009,1.3559,0.0137,11.83596667,4.085833333,NA,NA,4.732457050000001
2022-12-12,TLM01,TAL,1,0,0,0,0.037,1.337333,NA,NA,0.026333,NA,2.514667,1.4744,1.0383,0.0046,0.6811,3.8881,0.5057,0.0129,4.838866667,8.11725,NA,NA,2.1786383097999997
2023-01-06,TLM01,TAL,1,0,0,0,0.036,1.161333,NA,NA,0.028333,NA,2.245333,1.2417585289294581,0.8736005992108525,0.0038240911029680815,0.6234735847753137,3.8333501806764816,0.42262572708775253,0.007853241987330199,6.523133333,4.3724,NA,NA,1.4660271393333335
2023-01-30,TLM01,TAL,1,1,0,0,0.033,0.811333,NA,NA,0.021,NA,1.917333,1.042887660256448,0.8270515411446446,0.008042185300720992,0.6029307059433714,2.7366562758725816,0.4422102724437504,0.007212155134750893,4.1358,4.738433333,NA,NA,1.5375962864000001
2023-01-30,TLM01,TAL,1,1,0,0,0.033,0.811333,NA,NA,0.021,NA,1.917333,1.042887660256448,0.8270515411446446,0.008042185300720992,0.6029307059433714,2.7366562758725816,0.4422102724437504,0.007212155134750893,4.1358,4.738433333,NA,NA,2.0345670926666664
2023-02-20,TLM01,TAL,1,0,0,0,0.033,1.030667,NA,0.017,0.019,NA,1.94,1.2037958453428765,0.8077304883194086,0.005166451429790344,0.6177238642648138,3.7249886561659635,0.41154132628667917,0.007168495792560056,5.553933333,21.92603333,NA,NA,0.9471508231
2023-03-11,TLM01,TAL,1,0,0,0,0.032,1.022,NA,0.017,0.015,NA,1.836,1.258443962483933,0.8461705379444583,0.005192678148308636,0.6292291079127889,3.8057618163880456,0.39637262732088635,0.0076968984647650006,6.49105,4.781566667,NA,NA,1.0145
2023-04-04,TLM01,TAL,1,0,0,0,0.048,1.041667,NA,0.016667,0.015667,NA,1.67,1.3520381486348343,0.9113253281743274,0.0049338578803331265,0.661491125974068,4.0966498151628565,0.4073379337676947,0.008238020942499555,8.779733333,2.2299,NA,NA,0.9299
2023-04-19,TLM01,TAL,1,0,0,0,0.034667,1.112333,NA,0.018333,0.016667,NA,1.504333,1.4743232329038605,0.9666300473081458,0.0035964900002344994,0.6968484059979824,4.822433902816431,0.38528726194615376,0.008699195019590536,7.326833333,5.0181,NA,NA,0.6989333333333333
2023-05-16,TLM01,TAL,1,1,0,0,0.037,1.668,NA,0.016333,0.034667,NA,2.036333,1.804856882187589,1.2388476761065232,0.007015255473356912,0.8153226491718288,5.160342996483862,0.43423001678388007,0.009049542793861708,10.02623333,7.826766667,NA,NA,1.3531838149999997
2023-06-04,TLM01,TAL,1,0,0,0,0.057333,1.472,0.014333,0.015,0.068667,0.017,1.739333,1.823401676974389,1.0768942247416076,0.005035995796205293,0.6997792159641899,5.647993359149834,0.3748918345425658,0.008078167776870945,9.365666667,5.5416,NA,NA,0.8262333333333333
2023-06-28,TLM01,TAL,1,0,0,0,0.040333,1.386333,0.014,0.016333,0.115,0.017,1.517333,1.9105703846134112,1.1805745074505618,0.004741946408602611,0.7394400882740477,5.817696549049352,0.3766858972894729,0.008817469365150044,12.37986667,5.5271,NA,NA,1.0665326313999999
2023-07-17,TLM01,TAL,1,0,0,0,0.043,1.111,0.014,0.014667,0.092667,0.0155,0.981,1.9885125241423858,1.3712992501668524,0.004612835142637383,0.8457176500054429,5.934606667889909,0.4048884215685113,0.01044728157249263,10.41876667,6.086466667,NA,NA,1.2063211637333333
2023-08-07,TLM01,TAL,1,1,0,0,0.140667,1.827667,0.0145,0.02,0.094333,0.020333,2.388667,1.9199946178673855,1.3511849316473388,0.006134989066172946,0.7851003675718756,5.196671314039835,0.539968223547111,0.011374370690988548,8.630833333,16.42753333,NA,NA,3.62
2023-08-28,TLM01,TAL,1,0,0,0,0.054333,1.364,0.015,0.018667,0.186,NA,1.387,2.023242252640609,1.412377077339744,0.006118544538779595,0.8597057115204471,5.624682450497255,0.5088356526172112,0.012550040350778413,10.17786667,8.939333333,NA,NA,1.49
2023-09-20,TLM01,TAL,1,0,0,0,0.054,1.301667,0.017,0.015,0.047,NA,1.349667,2.0708386586447927,1.2992870418393128,0.006771520614060729,0.7881091329416012,5.969154250109233,0.42202325909750216,0.01104927398767723,11.66923333,11.44456667,NA,NA,1.3346666666666664
2023-10-09,TLM01,TAL,1,0,0,0,0.048667,1.452,NA,0.012,0.041,NA,1.598,2.0384535856340493,1.0733428324701257,0.0021212564420120777,0.6761799650473971,5.7965232192503295,0.5606889180152224,0.010258860848273118,1.256566667,16.73513333,NA,NA,1.649
2023-10-13,TLM01,TAL,1,0,0,0,0.046667,1.567333,NA,0.011333,0.017,NA,2.141,NA,NA,NA,NA,NA,NA,NA,NA,NA,NA,NA,2.1206666666666667
2023-11-01,TLM01,TAL,1,0,0,0,0.061333,1.859,NA,0.010667,NA,0.022667,1.695,2.158667904826538,1.1961146452979934,0.0018636134136438408,0.8161524201414779,6.425867876726902,1.0992231975338103,0.010684490846751016,9.2392,8.391333333,NA,NA,4.9896509
2023-11-20,TLM01,TAL,1,0,0,0,0.053667,1.903667,NA,0.010667,NA,NA,1.834667,2.2977408238736796,1.099669825138924,0.004780180841857982,0.7696641283357758,6.752773344410194,0.8303615459125009,0.009814118532008996,9.055633333,12.53223333,NA,NA,4.548725995
2023-11-27,TLM01,TAL,1,0,0,0,NA,NA,NA,NA,NA,NA,NA,NA,NA,NA,NA,NA,NA,NA,7.1,7.9,NA,NA,2.95
2023-12-11,TLM01,TAL,1,0,0,0,0.048,1.884333,0.014,0.009,0.013,NA,3.608667,2.1107191166805954,1.2968704016100137,0.002603221104309337,0.8486321864591219,6.034490452007297,0.7345479411775244,0.011453373601196392,6.0622,9.747966667,NA,NA,2.7094024547999997
2024-01-03,TLM01,TAL,1,0,0,0,0.041,1.595667,NA,0.008667,0.013,NA,2.845333,2.1134081609258706,1.2233362604957654,5.635823648681986e-4,0.7878929367140408,6.145177063990329,0.48025974235872226,0.010992186373600018,4.1479,8.1061,NA,NA,1.2605572644
2024-01-29,TLM01,TAL,1,1,0,0,NA,NA,NA,NA,NA,NA,NA,1.198775737134669,0.8609866464309256,5.860493327580011e-5,0.6252050340161732,3.5984839693957422,0.46025836821594407,0.008684743194020489,4.7884,6.023866667,NA,NA,1.5050000000000001
2024-02-23,TLM01,TAL,1,0,0,0,0.022333333,1.135666667,NA,0.009666667,NA,NA,1.987,1.4935745010322077,1.03424564718928,0.0013327745091046908,0.6933645474421889,4.3783310748514594,0.438446268847656,0.010194841366648754,5.803533333,3.506133333,NA,NA,1.6283333333333332
2024-03-18,TLM01,TAL,1,0,0,0,0.020666667,1.105,NA,0.011,NA,NA,1.741,1.592,0.949,0.008,0.653,4.437,0.4,0.007,3.3,3.4,NA,NA,1.1194505999999997
2024-04-10,TLM01,TAL,1,0,0,0,0.020333333,1.095666667,NA,0.010666667,NA,NA,1.692666667,1.725,1.01,0.007,0.689,4.618,0.418,0.009,4.2,4.3,NA,NA,1.5384474
2024-04-30,TLM01,TAL,1,0,0,0,0.022,1.203666667,NA,0.011666667,NA,NA,1.345,1.987,1.316,0.01,0.806,4.667,0.502,0.01,5.2,7.7,NA,NA,1.8474246
2024-05-22,TLM01,TAL,1,0,0,0,0.028,1.172666667,0.032,0.013,NA,NA,1.288666667,1.941,1.241,0.007,0.798,5.3,0.428,0.01,5.1,14.3,NA,NA,0.9611666666666666
2024-06-12,TLM01,TAL,1,0,0,0,0.018,1.195333333,NA,0.013666667,NA,NA,1.201,2.171,1.209,0.009,0.764,5.585,0.412,0.01,5.4,12,NA,NA,0.8542333333333333
2024-07-01,TLM01,TAL,1,0,0,0,0.023666667,1.226,0.032,0.015333333,NA,NA,1.085666667,2.319,1.29,0.009,0.79,5.983,0.429,0.011,12.66313333,8.0419,NA,NA,1.6323333333333334
2024-07-24,TLM01,TAL,1,0,0,0,0.023333333,1.112666667,NA,0.015,NA,NA,1.498666667,2.346,1.476,0.011,0.876,5.46,0.381,0.012,10.61216667,7.853033333,NA,NA,2.525
2024-08-14,TLM01,TAL,1,0,0,0,0.031,1.159,0.032,0.016,NA,NA,1.16,2.272,1.402,0.007,0.851,5.818,0.438,0.012,10.68016667,7.9422,NA,NA,1.617
2024-09-05,TLM01,TAL,1,0,0,0,0.041,1.148666667,0.032,0.013,NA,NA,1.286666667,2.387,1.355,0.014,0.802,5.837,0.511,0.01,8.888033333,5.5285,NA,NA,1.9136666666666666
2024-10-03,TLM01,TAL,1,0,0,0,0.175666667,1.317666667,0.033,0.013333333,NA,NA,1.636666667,NA,NA,NA,NA,NA,NA,NA,NA,NA,NA,NA,NA
2024-10-04,TLM01,TAL,1,0,0,0,NA,NA,NA,NA,NA,NA,NA,2.399,1.334,0.01,0.815,5.968,0.556,0.011,10.00203333,5.5864,NA,NA,2.1176666666666666
2022-01-24,TLM06,TAL,0,1,0,0,0.015667,1.285667,NA,0.01,0.0225,NA,1.553333,NA,NA,NA,NA,NA,NA,NA,6.354094,6.681179,6.1824384,4.161705067,0.4680789975
2022-03-29,TLM06,TAL,0,1,0,0,NA,NA,NA,NA,NA,NA,NA,1.2597,1.1959,0.0037,0.675,4.2675,0.402,0.012,7.9702648,11.9712183,17.9655729,14.59113957,0.6472780913200001
2022-06-09,TLM06,TAL,0,1,1,0,0.0135,1.029,NA,0.0078,0.0442,NA,2.0928,0.5801,0.9297,0.8591,0.0063,0.6116,3.1861,0.4572,4.438084333333333,18.151833066666665,NA,NA,1.651
2022-08-11,TLM06,TAL,0,1,0,0,0.023333,1.447333,NA,0.016833,0.0485,NA,1.2115,1.7833,1.5419,0.0036,0.7026,6.2939,0.5758,0.0067,16.5534136,22.7636054,NA,NA,1.0578334290000002
2023-01-30,TLM06,TAL,0,1,0,0,0.025,0.829333,NA,0.008667,0.017,NA,1.913333,0.9829256497712748,0.8337798357058764,0.007084829859272226,0.6381568395816901,2.7226059043584954,0.4201071582006617,0.006851347237282729,4.875,4.823066667,NA,NA,1.6295659847333335
2023-05-16,TLM06,TAL,0,1,0,0,0.043333000000000003,2.626667,NA,0.024,0.033,0.030667,3.046333,1.8090096371281963,1.237236392793258,0.006808180154871759,0.8287556638745253,5.314138200882675,0.4096508637587053,0.008768012453698229,10.2357,9.042766667,NA,NA,1.03597682
2023-08-07,TLM06,TAL,0,1,0,0,0.058333,2.085333,0.014667,0.025,0.097667,0.031333,2.616333,1.9730361704546582,1.46996279274462,0.005264578458792666,0.87599232874503985,5.912415034493382,0.5024369828283344,0.011728928352903352,11.99556667,19.97293333,NA,NA,2.161020640833334
2024-01-29,TLM06,TAL,1,1,0,0,NA,NA,NA,NA,NA,NA,NA,1.1603017166777991,0.8846108046890852,1.7353453946194423e-4,0.6628713186533332,3.594039782941312,0.44589765760168004,0.008465194489140153,6.065633333,5.2896,NA,NA,1.2933333333333332
2022-01-24,TLM10,TAL,0,1,0,0,0.014333,1.2565,NA,0.009,0.0235,NA,1.472,NA,NA,NA,NA,NA,NA,NA,5.491111,6.823818,4.773591567,2.873991567,0.4512895983
2022-03-29,TLM10,TAL,0,1,0,0,NA,NA,NA,NA,NA,NA,NA,1.1185,1.1462,0.0043,0.6826,3.8485,0.3943,0.0112,7.7103926,10.6037358,20.486081,17.19081433,0.6713096895000001
2022-06-09,TLM10,TAL,0,1,1,0,0.0148,1.0713,NA,0.008,0.0493,NA,2.042,5.9748,1.0458,0.9932,0.0075,0.4515,3.1491,0.3671,7.393405099999999,12.277086000000002,NA,NA,1.21
2022-08-11,TLM10,TAL,0,1,0,0,0.023333,1.505167,NA,0.020333,0.072167,NA,1.036333,1.7215,1.2979,0.0035,0.8817,5.516,0.4216,0.0133,16.1070012,19.66484073,NA,NA,1.0657003074000002
2023-01-30,TLM10,TAL,0,1,0,0,0.026333,1.056,NA,0.01,0.012333,NA,2.404333,0.8806435950420255,0.7984293531534726,0.005436870090393824,0.6570993272480088,2.6162834535338906,0.40572265996609264,0.006492093055472336,4.7808,6.005333333,NA,NA,1.2593461445333334
2023-05-16,TLM10,TAL,0,1,0,0,0.032,1.593333,NA,0.016333,0.020333,0.023667,1.848333,1.4874537988174346,1.0639048389303636,0.004410151202358118,0.8329644378294553,4.776244469918486,0.39334957639267326,0.00722430502662778,11.1771667,7.5327,NA,NA,1.03270327
2023-08-07,TLM10,TAL,0,1,0,0,0.111667,1.341333,NA,0.018333,0.068333,0.028333,1.139667,1.7205259459188351,1.277024343276975,0.0055811639601343705,0.8876121142916711,5.313223557599103,0.45806568643933593,0.00975654879571423,14.6322,22.4863,NA,NA,1.99
2024-01-29,TLM10,TAL,0,1,0,0,NA,NA,NA,NA,NA,NA,NA,1.0515652650082916,0.7997064988640116,4.8345400462823537e-4,0.6418186139820267,3.2692061290457706,0.4218755603887904,0.007611659091996978,5.327533333,5.2699,NA,NA,1.2266666666666668
2022-01-25,TLM16,TAL,0,1,0,0,0.012333,1.2925,NA,0.008,0.026,NA,1.769167,NA,NA,NA,NA,NA,NA,NA,2.848723,6.608855,4.9538327,3.43497265,0.3403929515999999
2022-03-30,TLM16,TAL,0,1,0,0,NA,NA,NA,NA,NA,NA,NA,0.9002,1.2027,0.0041,0.7284,3.1663,0.3573,0.0111,7.1267452,10.4004705,26.4975425,23.09627583,0.4545895865266667
2022-06-10,TLM16,TAL,0,1,1,0,NA,NA,NA,NA,NA,NA,NA,0.8326,0.9161,0.0058,0.6633,3.0027,0.3634,0.0102,6.247906933333333,12.604636500000003,NA,NA,0.7517333333333333
2022-08-12,TLM16,TAL,0,1,0,0,0.009,1.593,NA,0.021,0.07225,NA,1.173,1.2003,0.957,0.0049,0.8043,4.0653,0.398,0.012,4.9515086,23.68577607,NA,NA,0.38252747568000006
2023-01-31,TLM16,TAL,0,1,0,0,0.029667,1.234,NA,0.012,0.0125,NA,2.446667,0.8761888103951486,0.8331969802164224,0.005695008927594932,0.6504572936510536,2.4288153370533982,0.3434692753674466,0.006164525097990761,4.81095,5.8142,NA,NA,0.6940836568133332
2023-05-16,TLM16,TAL,0,1,0,0,0.040333,2.125,NA,0.020333,0.035333,NA,2.865333,1.0965057637925322,0.9171732217639322,0.00551087543106888,0.7637915164340087,3.5573063706706445,0.355889693218063,0.005452582769507623,4.1007,6.562266667,NA,NA,0.4713876515
2023-08-07,TLM16,TAL,0,1,0,0,0.153667,2.288333,NA,0.022333,0.091,NA,2.201667,1.4544206228247238,1.1080535460692296,0.0068631524635359535,0.9114358455333029,4.030433085912829,0.4640160314069157,0.008193500507978903,6.972966667,19.2256,NA,NA,1.1906583458333333
2024-01-29,TLM16,TAL,0,1,0,0,NA,NA,NA,NA,NA,NA,NA,0.8587613070450266,0.8105537774719709,8.189429613267238e-5,0.6460649838027157,2.650212770516312,0.3986310371775277,0.007164788888296838,2.9695,5.5847,NA,NA,1.0402
2022-01-25,TLM19,TAL,0,1,0,0,0.010667,1.321833,NA,0.008,0.029167,NA,1.966833,NA,NA,NA,NA,NA,NA,NA,3.063616,9.499136333,5.1557484,3.316315067,0.25561314809999997
2022-03-30,TLM19,TAL,0,1,0,0,NA,NA,NA,NA,NA,NA,NA,0.63,1.1605,0.0046,0.6262,2.5722,0.3303,0.0107,5.5802926,13.0179333,24.7288811,21.39984777,0.35145816728000007
2022-06-10,TLM19,TAL,0,1,1,0,NA,NA,NA,NA,NA,NA,NA,4.5921,0.9058,0.8816,0.0077,0.3097,2.5384,0.3064,5.004640133333333,14.4639485,NA,NA,0.5681333333333333
2022-08-12,TLM19,TAL,0,1,0,0,0.008333,1.6275,NA,0.035833,0.097333,NA,1.9405,0.9986,2.0061,0.0063,1.1987,3.4689,0.4136,0.0153,5.3465354,21.85567413,NA,NA,0.49623664722
2023-01-31,TLM19,TAL,0,1,0,0,0.039,0.671667,NA,0.008,0.012,NA,1.360333,1.1042738928321585,0.8008186694140388,0.008112137763016362,0.5444209440325359,2.0069131422703474,0.30981805495324516,0.00564682103447104,2.525733333,4.70065,NA,NA,0.6310091655199999
2023-05-16,TLM19,TAL,0,1,0,0,0.073,2.036667,0.015,0.019667,0.046,NA,3.163333,0.9386122816461425,1.2082736270614869,0.007790380329132111,0.7918821306891819,2.773521708265553,0.3600923417550335,0.006448880220844261,3.8234,7.880733333,NA,NA,0.44899656950000005
2023-08-07,TLM19,TAL,0,1,0,0,0.087333,2.333333,0.015,0.029667,0.21,NA,2.790667,1.185800527937517,2.0627205977696503,0.008477062605211175,1.2337460014733763,3.3762566968223076,0.48581133044178876,0.012126414575142484,8.366,19.10653333,NA,NA,1.1316363093333333
2024-01-29,TLM19,TAL,0,1,0,0,NA,NA,NA,NA,NA,NA,NA,0.7371475673240219,0.8158905552987785,3.467792170010449e-4,0.5382991786547989,2.0306762236659606,0.33228910105565485,0.006874156479756106,2.468233333,7.690166667,NA,NA,0.7795666666666666
2022-03-24,WHA02,WHR,0,1,0,0,0.016,2.207833,NA,0.019,2.364167,NA,2.0475,1.5007,2.3207,0.0054,1.094,5.1136,0.7899,0.03,7.8,23.6,623.1,619.2,1.0083218508666667
2023-02-07,WHA02,WHR,0,1,0,0,0.03,2.324667,NA,0.019333,0.981,NA,2.216333,1.4860838422781633,2.008264680341774,0.007397567689421597,1.0732539621282535,5.273780146563669,0.7035403115492862,0.025483645022840326,5.4,10.1,NA,NA,0.9450773244466667
2023-05-09,WHA02,WHR,0,1,0,0,0.036667,3.370333,0.019,0.036,0.453333,NA,3.054667,1.8236608088157142,2.289914672325464,0.010207281542564775,1.2458433672840477,5.7908900561266945,0.6969187730290095,0.02907227070503848,10.7,27.4,NA,NA,1.0785329699999997
2022-03-24,WHB01,WHR,0,1,0,0,0.015167,1.644,NA,0.011333,0.061,NA,1.389667,1.2246,1.5005,0.0046,0.6236,5.6083,0.4775,0.0211,7.2,7.5,36.6,33.6,1.2744458251333333
2022-08-15,WHB01,WHR,0,1,0,0,0.0546,2.137,0.015,0.0202,0.3082,NA,1.4937,1.6054,3.1773,0.0067,1.3805,8.489,0.7422,0.0538,14.3,46.1,NA,NA,1.4429826840000004
2023-02-07,WHB01,WHR,0,1,0,0,0.041333,1.924667,NA,0.014,0.026,NA,1.803667,1.3882561087480305,1.2951123712822379,0.007197421281122048,0.6706396379284758,5.963788826134842,0.44185317463511686,0.019499973212626857,4.5,11,NA,NA,1.0259103284
2023-05-09,WHB01,WHR,0,1,0,0,0.035667,2.038667,0.016333,0.016333,0.085667,NA,1.547,1.417762595468668,1.6873609272096963,0.006091199056079616,0.863971108972231,7.475476918305752,0.5454319651045313,0.028041733484780295,11.4,18,NA,NA,0.9287025864999999
2023-08-01,WHB01,WHR,0,1,0,0,0.092667,2.977,0.015667,0.027667,0.324,NA,2.592,1.7874914574612264,3.832203660224877,0.00854724302284427,1.6867715249504531,8.740798688879805,0.8218099273231098,0.08531801830825747,12.5,10.1,NA,NA,1.2435486026666662
2024-01-22,WHB01,WHR,0,1,0,0,NA,NA,NA,NA,NA,NA,NA,2.1157370687314767,2.752067244568746,0.006051025408386222,1.2883890362174772,8.098692573858179,1.3701938330252432,0.06633334507310538,14.7,4.5,NA,NA,2.8770000000000002
2021-09-01,WHM01,WHR,1,0,0,0,NA,NA,NA,NA,NA,NA,NA,NA,NA,NA,NA,NA,NA,NA,11.7,17.1,63.5,54.2,NA
2021-09-27,WHM01,WHR,1,0,0,0,NA,NA,NA,NA,NA,NA,NA,NA,NA,NA,NA,NA,NA,NA,11.4,11.6,50.5,41.2,NA
2021-10-14,WHM01,WHR,1,0,0,0,0.038333,2.438167,NA,0.022333,0.052833,NA,1.906833,NA,NA,NA,NA,NA,NA,NA,14,18.5,29.3,19.3,1.2175761936085074
2021-11-04,WHM01,WHR,1,0,0,0,0.044167,2.423667,NA,0.0255,0.086167,NA,2.101167,NA,NA,NA,NA,NA,NA,NA,15.7,21.6,35.6,25.8,2.0463333333333336
2021-11-29,WHM01,WHR,1,0,0,0,0.042,2.5425,NA,0.027333,0.026167,NA,2.333667,NA,NA,NA,NA,NA,NA,NA,14.2,17.5,15.6,5.6,2.0853333333333333
2021-12-20,WHM01,WHR,1,0,0,0,0.032,2.642333,NA,0.026333,0.018667,NA,2.381333,NA,NA,NA,NA,NA,NA,NA,8.9,7.2,4.1,2.4,1.17013572
2022-01-06,WHM01,WHR,1,0,0,0,0.02,2.315333,NA,0.0195,0.304167,NA,2.4,NA,NA,NA,NA,NA,NA,NA,7.3,18.3,78.6,76.7,1.040550873
2022-01-26,WHM01,WHR,1,0,0,0,0.020167,2.232667,NA,0.0165,0.183833,NA,2.176333,NA,NA,NA,NA,NA,NA,NA,6.5,13.2,58.9,57.3,0.5316388659000001
2022-02-16,WHM01,WHR,1,0,0,0,0.023,2.126167,NA,0.015833,0.1465,NA,2.134667,NA,NA,NA,NA,NA,NA,NA,6.9,6.6,43.7,41.7,0.4722430349999999
2022-03-08,WHM01,WHR,1,0,0,0,0.022833,2.148667,NA,0.016667,0.0785,NA,1.899,NA,NA,NA,NA,NA,NA,NA,12.1,3.1,29,27.3,0.6090899633999999
2022-03-24,WHM01,WHR,1,1,0,0,0.020167,1.868833,NA,0.014333,0.6005,NA,2.288333,1.3489,1.645,0.0051,0.7562,5.8427,0.5521,0.0293,9.3,14.9,153.6,150.2,1.0391573743333333
2022-04-20,WHM01,WHR,1,0,0,0,NA,NA,NA,NA,NA,NA,NA,1.3963,1.5054,0.0053,0.8127,6.1218,0.5238,0.0311,8.1,21,102.6,101.3,0.9002666666666667
2022-05-11,WHM01,WHR,1,0,0,0,0.026667,1.954333,NA,0.015,0.191833,NA,1.784833,1.57,1.8353,0.0055,0.9579,7.6812,0.601,0.0438,8.2,26.8,74.8,73.3,0.5130666666666667
2022-06-01,WHM01,WHR,1,0,0,0,0.0375,2.155167,NA,0.016667,0.376667,NA,1.827,1.6904,2.248,0.0064,1.138,8.0813,0.7015,0.0531,10.7,24.8,NA,NA,0.8768333333333334
2022-06-22,WHM01,WHR,1,0,0,0,0.092,3.239667,0.016,0.023333,0.939,0.022,3.138333,1.805,2.4823,0.0086,1.2388,8.2319,0.9538,0.0592,17.9,22.2,NA,NA,2.231952879
2022-07-13,WHM01,WHR,1,0,0,0,0.088667,2.419667,0.015667,0.023333,0.523,NA,2.118,1.8573,3.5341,0.0081,1.8142,7.8873,1.1458,0.0809,14.3,18.3,NA,NA,2.4743333333333335
2022-08-01,WHM01,WHR,1,0,0,0,0.082667,2.592,0.016333,0.024333,0.772667,NA,2.216667,1.8346,3.8224,0.0081,1.8339,8.2774,1.0961,0.0868,14.1,29,NA,NA,2.173333333333334
2022-08-15,WHM01,WHR,1,1,0,0,0.059667,2.059667,NA,0.020167,0.598167,NA,1.745167,1.9747,4.4261,0.0074,1.9488,9.0155,0.9845,0.097,13,32.3,NA,NA,1.7048841774000003
2022-08-31,WHM01,WHR,1,0,0,0,0.046333,2.659333,0.015,0.023333,0.199667,NA,2.449333,1.6802,2.3422,0.0076,1.1018,8.188,0.7322,0.0427,13,22.7,NA,NA,2.3077355419999996
2022-09-14,WHM01,WHR,1,0,0,0,0.035333,2.125333,NA,0.020667,0.19,NA,1.989667,1.5373740776666667,1.7186078483333336,0.008445945000000002,0.8409722826666667,7.115671748666667,0.6271453603333333,0.02990364133333333,9.3,18.3,NA,NA,1.888579454
2022-10-05,WHM01,WHR,1,0,0,0,0.064,2.186,NA,0.027333,NA,NA,2.079667,1.7386868423333333,2.2788811246666665,0.007982076,1.1646171066666666,8.364557831666668,0.8033272669999999,0.050766596,12.4,3.9,NA,NA,1.384236811
2022-10-26,WHM01,WHR,1,0,0,0,0.085333,2.370333,NA,0.025667,NA,0.027,1.94,1.8951808246666666,3.2113524643333338,0.009532176000000002,1.6310515663333334,8.162915414666669,1.3009904634999998,0.07165529133333333,24.1,3.8,NA,NA,4.428318615399999
2022-11-16,WHM01,WHR,1,0,0,0,NA,NA,NA,NA,NA,NA,NA,1.800334329,2.266534659,0.007575965666666667,1.1820937303333334,7.687936764333333,1.191932893,0.050749364,20.2,6.3,NA,NA,2.3445320013999997
2022-12-07,WHM01,WHR,1,0,0,0,0.048,2.336333,NA,0.028,0.026,NA,2.368333,1.865,2.2905,0.0054,1.162,7.5892,0.6847,0.0489,13.4,3.8,NA,NA,1.3360197421000002
2023-01-05,WHM01,WHR,1,0,0,0,0.044667,2.189,NA,0.026,0.117,NA,2.349667,1.6553775867510911,1.8909801426167583,0.00565796858118772,0.9856979014527525,7.029566293834793,0.572267208555444,0.03916908032589442,10.8,7.4,NA,NA,1.0941351228000002
2023-01-25,WHM01,WHR,1,0,0,0,0.038333,1.777667,0.019,0.02,0.185667,NA,2.102,1.3009658782102456,1.411849123479224,0.0055555109850660535,0.7460550005570744,5.60192824805371,0.5767364038529151,0.025445755510758564,8.3,15.7,NA,NA,2.0226946406999997
2023-02-07,WHM01,WHR,1,1,0,0,0.039167,1.9325,0.015,0.017833,0.216,NA,2.193667,1.4334287079507906,1.5216888656529364,0.00598205126650365,0.8462535392125345,6.302171344701954,0.5054870926856965,0.029359346610174152,4.5,12.8,NA,NA,0.8468871301533332
2023-03-01,WHM01,WHR,1,0,0,0,0.043,1.858667,NA,0.022,0.069333,NA,1.99,1.4976152435529233,1.6698316788217493,0.007014376678932575,0.8869855599145708,6.720796274297688,0.5619195225352652,0.03286702015437261,11.2,4.3,NA,NA,1.0793333333333333
2023-03-22,WHM01,WHR,1,0,0,0,0.05,1.955,0.019,0.023667,0.077,NA,2.199667,1.6514920872530539,1.8574664795570903,0.007835497861592088,0.983930860013538,6.747826794532106,0.5454103567212414,0.040369688435667565,13.7,8.2,NA,NA,0.7115
2023-04-12,WHM01,WHR,1,0,0,0,0.039,1.759333,NA,0.015,0.285667,NA,1.959667,1.5282551261540858,1.558667911382745,0.008673782341308903,0.8499962804546674,6.497076510981742,0.5460530881176718,0.029160182157352207,12.4,18.4,NA,NA,0.9062
2023-05-09,WHM01,WHR,1,1,0,0,0.046333,2.706667,0.015333,0.021667,0.412,NA,2.840333,1.72559445306642,2.242841408429603,0.01048319832165578,1.135771833706714,7.960154702766009,0.6656160656186648,0.048641998132287645,17.1,23.4,NA,NA,0.864573742
2023-06-01,WHM01,WHR,1,0,0,0,0.076333,2.216667,0.016333,0.018667,0.649,NA,2.219,1.8629258718206063,2.5151283915078593,0.008956899044376784,1.2760275442198772,8.388421063107579,0.7286360256259087,0.05791425243323505,18.3,10.7,NA,NA,1.0703333333333334
2023-06-15,WHM01,WHR,1,0,0,0,0.044333,2.014667,0.015,0.015,0.312667,NA,2.967667,1.2903333035369688,1.5240996055537153,0.018819243488815668,0.7095427646465281,5.487105961860132,0.9296054415277473,0.028735329884205203,11.3,16.5,NA,NA,4.3681678564
2023-07-14,WHM01,WHR,1,0,0,0,0.050333,3.362333,0.015333,0.024,0.391,NA,3.995333,4.102825815241845,1.9762025606842755,0.022246098283311797,0.9381982270534667,7.345449822451407,0.6752140257061079,0.03551560158221794,13.1,16.1,NA,NA,2.3261740470666665
2023-08-01,WHM01,WHR,1,1,0,0,0.076333,2.693,0.016333,0.023333,0.794333,NA,2.221,1.8799661861755343,3.509820293013424,0.010902748899361195,1.6241690469344174,8.68880149219716,1.014187460060561,0.07638432532115715,15.1,7.1,NA,NA,1.875401157333333
2023-08-23,WHM01,WHR,1,0,0,0,0.086333,1.841,0.015,0.023333,0.014667,NA,0.926,2.531154602048938,10.114201831548458,0.017308498496923525,4.04809962202513,8.284476182440047,1.9109101101492936,0.20864606612660905,11.6,210,NA,NA,3.649
2023-11-21,WHM01,WHR,1,0,0,0,0.087333,0.660333,0.014,0.007,0.184333,0.028,2.104333,2.3143715288334117,5.139226066167756,0.046536110487623496,2.704376850314697,5.081820881237309,12.286249916862458,0.09631013655459338,69.7,14.1,NA,NA,36.31
2024-01-03,WHM01,WHR,1,0,0,0,0.0525,1.4885,NA,0.0095,NA,NA,2.211,2.8741978030043622,3.7613589798704905,0.011884802326454816,2.13550054847499,8.270388268900764,2.8633229032714063,0.06929197990747292,13,10.9,NA,NA,5.3724633984
2024-01-22,WHM01,WHR,1,1,0,0,NA,NA,NA,NA,NA,NA,NA,2.7689935559651335,4.486239121763503,0.004033395822464895,2.1791973579171597,9.05159806934733,1.4999733015100076,0.10655625339407189,14.9,0.8,NA,NA,1.9906666666666666
2024-02-15,WHM01,WHR,1,0,0,0,0.147666667,2.297,0.033333333,0.012,NA,NA,3.064666667,1.538227394233534,1.5986911136755866,0.003726003747346655,0.7792940657920576,6.391068493530263,0.6817535998071124,0.0282635216581538,7,2.8,NA,NA,1.8066666666666666
2024-03-11,WHM01,WHR,1,0,0,0,0.018,2.142,NA,0.013,NA,NA,2.525333333,1.7,1.578,0.01,0.78,6.639,0.658,0.026,5,2.4,NA,NA,1.5330000000000001
2024-03-29,WHM01,WHR,1,0,0,0,0.021,2.023333333,NA,0.013,NA,NA,2.228,1.679,1.455,0.01,0.752,6.301,0.657,0.023,4.7,4.6,NA,NA,1.5901631999999999
2024-04-17,WHM01,WHR,1,0,0,0,0.022333333,2.221333333,NA,0.016333333,NA,NA,2.170666667,5.033,2.353,0.024,1.121,7.761,0.512,0.042,5.7,9.1,NA,NA,1.53153
2024-05-07,WHM01,WHR,1,0,0,0,0.034666667,2.226666667,0.032,0.018,NA,NA,1.921333333,2.157,3.478,0.011,1.576,8.375,0.984,0.074,6.8,39.5,NA,NA,1.7113333333333334
2024-05-28,WHM01,WHR,1,0,0,0,0.055,2.198666667,0.034333333,0.019333333,NA,NA,1.787,2.125,4.042,0.012,1.807,8.374,1.426,0.09,6.7,51.3,NA,NA,2.955
2024-06-19,WHM01,WHR,1,0,0,0,0.051,2.245333333,0.033,0.02,NA,NA,1.443333333,2.355,5.213,0.015,2.26,8.236,1.557,0.12,20.4,16.9,NA,NA,3.405
2024-07-09,WHM01,WHR,1,0,0,0,0.175666667,2.589,0.0335,0.014333333,NA,NA,1.922,1.546,6.672,0.034,2.463,5.696,2.854,0.146,15.1,138.2,NA,NA,10.32
2024-07-30,WHM01,WHR,1,0,0,0,0.13333333333333333,1.0446666666666669,0.025333333333333333,0.015,NA,0.053,1.0090000000000001,1.494,4.648,0.027,1.824,4.585,2.474,0.097,10.6,67.7,NA,NA,NA
2022-03-24,WHM03,WHR,0,1,0,0,0.022,1.8025,NA,0.011,0.226667,NA,2.3355,1.3399,1.3916,0.0047,0.7061,6.2565,0.5254,0.0253,6,12.9,74.9,71.8,0.87351698632
2022-08-15,WHM03,WHR,0,1,0,0,0.050667,2.345833,NA,0.021667,0.9995,NA,1.792667,1.8132,3.6136,0.0074,1.8347,8.4649,0.9365,0.0637,14.4,40.2,NA,NA,1.6157262222000004
2023-02-07,WHM03,WHR,0,1,0,0,0.032,1.852,NA,0.013,0.153667,NA,2.259,NA,NA,NA,NA,NA,NA,NA,NA,NA,NA,NA,0.6443196891333333
2023-05-09,WHM03,WHR,0,1,0,0,0.061667,2.522,0.015333,0.019,0.557,NA,2.717333,NA,NA,NA,NA,NA,NA,NA,19,27.4,NA,NA,0.730030837
2023-08-01,WHM03,WHR,0,1,0,0,0.096667,2.071667,0.018667,0.018,0.840333,NA,1.457333,1.77748836134094,2.8887965903729147,0.011698160952251948,1.5034636804156147,8.297375652425702,0.9505582063440476,0.05166438763829545,15.8,9.4,NA,NA,1.6090056946666664
2024-01-22,WHM03,WHR,0,1,0,0,NA,NA,NA,NA,NA,NA,NA,2.6097967238208355,3.846664942737848,0.005506538809790107,2.0318047639569663,8.461401824579669,1.6210154611404395,0.08656149895096747,13.2,0.7,NA,NA,2.195666666666667
2022-03-24,WHM07,WHR,0,1,0,0,0.018833,1.820583,NA,0.011917,0.302667,NA,1.898667,1.2581,1.2113,0.0054,0.6281,5.7777,0.5549,0.0174,5.6,19.2,94.7,91.4,1.0411683867333335
2022-08-15,WHM07,WHR,0,1,0,0,0.043333000000000003,2.024167,NA,0.015167,0.733333,NA,1.189833,1.6279,2.652,0.0073,1.414,7.9824,0.8592,0.0366,11.8,98.7,NA,NA,1.4292156468000003
2023-02-07,WHM07,WHR,0,1,0,0,0.029,1.814,NA,0.012,0.222,NA,1.9,1.4036376314711487,1.0673490997758772,0.009002734509310129,0.7338226379922993,6.086599928538189,0.5317796615511177,0.015153674032246258,4.6,25,NA,NA,0.7477605171133331
2023-05-09,WHM07,WHR,0,1,0,0,0.04,1.898333,0.015,0.013333,0.638333,0.029,1.767333,1.5847809667777657,1.3803145545198041,0.012143253898870178,0.9291476227657862,7.220846031173347,0.6776452817684362,0.020851605814568255,8.9,48.6,NA,NA,0.7735363165
2023-08-01,WHM07,WHR,0,1,0,0,0.056667,2.402667,0.018333,0.019333,0.919667,NA,1.499333,1.5725680444634502,2.1752867831175196,0.009712829587430619,1.2553951448830845,7.693228657351909,0.8613910707500138,0.031043481082588403,12.5,89.4,NA,NA,1.2616206566666666
2024-01-22,WHM07,WHR,0,1,0,0,NA,NA,NA,NA,NA,NA,NA,1.7510034469133142,2.451833782157785,0.003166858064771957,1.6067333600668168,6.862169983736748,1.2963890951586923,0.030172874248594963,8.3,3.2,NA,NA,1.699
2022-03-24,WHM10,WHR,0,1,0,0,0.0165,1.813,NA,0.011167,0.057333,NA,1.747333,1.2139,1.2241,0.0056,0.6255,4.8681,0.4657,0.0164,7.2,14.7,23.8,20,1.3501939588666667
2023-02-07,WHM10,WHR,0,1,0,0,0.028333,1.957667,NA,0.012667,0.038333,NA,1.756667,1.348337323544503,0.9777630909388435,0.010520422545568724,0.6320658086861956,5.018199912588533,0.46277580320158535,0.011840219542699176,4.8,22.2,NA,NA,1.1897836090666667
2023-05-09,WHM10,WHR,0,1,0,0,0.032,1.822,NA,0.017,0.033667,NA,1.582667,1.4158163122617051,1.0868800815750963,0.011277781693144607,0.649798135812773,5.268926499725643,0.37382015997673806,0.013108567664482965,3.1,25.1,NA,NA,0.8879796245000001
2022-03-24,WHM12,WHR,0,1,0,0,0.015667,1.682333,NA,0.009,0.068167,NA,1.6815,1.0662,1.1721,0.0057,0.6441,4.4588,0.5695,0.0158,6.6,22.6,28.3,25.3,1.0465310864666666
2022-08-15,WHM12,WHR,0,1,0,0,0.030667,2.099167,NA,0.024,0.077667,NA,0.697,1.3131,1.8567,0.0087,0.8361,5.8353,0.7142,0.0199,8.5,164.9,NA,NA,1.6468659492000004
2023-02-07,WHM12,WHR,0,1,0,0,0.048333,1.655667,NA,0.010667,0.051333,NA,1.784333,1.1768104804960327,0.9105544265068927,0.008893133153650387,0.7005616198000224,4.549934617792395,0.5486865412797958,0.01228292193105175,3.4,36.9,NA,NA,0.6753887254066665
2023-05-09,WHM12,WHR,0,1,0,0,0.058,1.991,0.014,0.016667,0.062,NA,1.925,1.1985284634736275,1.0255965042854482,0.010550491652488543,0.6813509276658394,4.798975512794512,0.5890666960428992,0.012696999070269022,5.5,30.4,NA,NA,0.6392880310000001
2023-08-01,WHM12,WHR,0,1,0,0,0.045667,1.996333,0.016,0.021333,0.109,NA,1.157333,1.3329531896527493,1.3891192174298619,0.014124608452163652,0.7619549760239762,5.51570137635755,0.7944338149454101,0.016411848305515935,8.1,111.6,NA,NA,1.7007046353333333
